,ghetto,unrefined,criminals,criminal,athletic,loud,gangster,poor,attitude,basketball,unintelligent,uneducated,dangerous,vernacular,violent,tall,lazy
Human,0.0032258064516129032,0.0,0.0032258064516129032,0.012903225806451613,0.016129032258064516,0.02903225806451613,0.0032258064516129032,0.025806451612903226,0.0064516129032258064,0.13548387096774195,0.0,0.0032258064516129032,0.00967741935483871,0.0,0.0032258064516129032,0.06774193548387097,0.0064516129032258064
GPT-3.5 $P_{Black}$,0.0,0.0,0.0,0.0,0.04814814814814815,0.003703703703703704,0.0,0.0,0.025925925925925925,0.011111111111111112,0.0,0.0,0.0,0.0,0.0,0.22592592592592592,0.0
GPT-3.5 $P_{White}$,0.0,0.0,0.0,0.0,0.13703703703703704,0.003703703703703704,0.0,0.003703703703703704,0.044444444444444446,0.011111111111111112,0.0,0.0,0.0,0.0,0.0,0.27037037037037037,0.0
